{
  "project_info": {
    "project_number": "553446471400",
    "firebase_url": "https://wohapp-3a179.firebaseio.com",
    "project_id": "wohapp-3a179",
    "storage_bucket": "wohapp-3a179.appspot.com"
  },
  "client": [
    {
      "client_info": {
        "mobilesdk_app_id": "1:553446471400:android:e2f7002bb8cad63d",
        "android_client_info": {
          "package_name": "com.highwayns.wohapp"
        }
      },
      "oauth_client": [
        {
          "client_id": "553446471400-0lmqp0m0ci7lola64n51mht5ip96nsoa.apps.googleusercontent.com",
          "client_type": 3
        }
      ],
      "api_key": [
        {
          "current_key": "AIzaSyCi2ERnhXZMvifOiBNsZ_J63KEByrP-8KI"
        }
      ],
      "services": {
        "appinvite_service": {
          "other_platform_oauth_client": [
            {
              "client_id": "553446471400-0lmqp0m0ci7lola64n51mht5ip96nsoa.apps.googleusercontent.com",
              "client_type": 3
            },
            {
              "client_id": "553446471400-g8o7o4jpvkvjsti11tcdle012duki981.apps.googleusercontent.com",
              "client_type": 2,
              "ios_info": {
                "bundle_id": "com.highwayns.wohapp"
              }
            }
          ]
        }
      }
    }
  ],
  "configuration_version": "1"
}