{
  "prepare_queue": {
    "installed": [],
    "uninstalled": []
  },
  "config_munge": {
    "files": {
      "config.xml": {
        "parents": {
          "/*": [
            {
              "xml": "<feature name=\"Camera\"><param name=\"browser-package\" value=\"Camera\" /></feature>",
              "count": 1
            },
            {
              "xml": "<feature name=\"Device\"><param name=\"browser-package\" value=\"Device\" /></feature>",
              "count": 1
            }
          ]
        }
      }
    }
  },
  "installed_plugins": {
    "cordova-plugin-camera": {
      "PACKAGE_NAME": "com.highwayns.wohapp"
    },
    "cordova-plugin-contacts": {
      "PACKAGE_NAME": "com.highwayns.wohapp"
    },
    "cordova-plugin-device": {
      "PACKAGE_NAME": "com.highwayns.wohapp"
    },
    "cordova-plugin-dialogs": {
      "PACKAGE_NAME": "com.highwayns.wohapp"
    },
    "cordova-plugin-file": {
      "PACKAGE_NAME": "com.highwayns.wohapp"
    },
    "cordova-plugin-file-transfer": {
      "PACKAGE_NAME": "com.highwayns.wohapp"
    },
    "cordova-plugin-firebase": {
      "PACKAGE_NAME": "com.highwayns.wohapp"
    },
    "cordova-plugin-geolocation": {
      "PACKAGE_NAME": "com.highwayns.wohapp"
    },
    "cordova-plugin-inappbrowser": {
      "PACKAGE_NAME": "com.highwayns.wohapp"
    },
    "cordova-plugin-network-information": {
      "PACKAGE_NAME": "com.highwayns.wohapp"
    },
    "cordova-plugin-statusbar": {
      "PACKAGE_NAME": "com.highwayns.wohapp"
    },
    "cordova-plugin-whitelist": {
      "PACKAGE_NAME": "com.highwayns.wohapp"
    }
  },
  "dependent_plugins": {},
  "modules": [
    {
      "file": "plugins/cordova-plugin-camera/www/CameraConstants.js",
      "id": "cordova-plugin-camera.Camera",
      "pluginId": "cordova-plugin-camera",
      "clobbers": [
        "Camera"
      ]
    },
    {
      "file": "plugins/cordova-plugin-camera/www/CameraPopoverOptions.js",
      "id": "cordova-plugin-camera.CameraPopoverOptions",
      "pluginId": "cordova-plugin-camera",
      "clobbers": [
        "CameraPopoverOptions"
      ]
    },
    {
      "file": "plugins/cordova-plugin-camera/www/Camera.js",
      "id": "cordova-plugin-camera.camera",
      "pluginId": "cordova-plugin-camera",
      "clobbers": [
        "navigator.camera"
      ]
    },
    {
      "file": "plugins/cordova-plugin-camera/src/browser/CameraProxy.js",
      "id": "cordova-plugin-camera.CameraProxy",
      "pluginId": "cordova-plugin-camera",
      "runs": true
    },
    {
      "file": "plugins/cordova-plugin-contacts/www/contacts.js",
      "id": "cordova-plugin-contacts.contacts",
      "pluginId": "cordova-plugin-contacts",
      "clobbers": [
        "navigator.contacts"
      ]
    },
    {
      "file": "plugins/cordova-plugin-contacts/www/Contact.js",
      "id": "cordova-plugin-contacts.Contact",
      "pluginId": "cordova-plugin-contacts",
      "clobbers": [
        "Contact"
      ]
    },
    {
      "file": "plugins/cordova-plugin-contacts/www/convertUtils.js",
      "id": "cordova-plugin-contacts.convertUtils",
      "pluginId": "cordova-plugin-contacts"
    },
    {
      "file": "plugins/cordova-plugin-contacts/www/ContactAddress.js",
      "id": "cordova-plugin-contacts.ContactAddress",
      "pluginId": "cordova-plugin-contacts",
      "clobbers": [
        "ContactAddress"
      ]
    },
    {
      "file": "plugins/cordova-plugin-contacts/www/ContactError.js",
      "id": "cordova-plugin-contacts.ContactError",
      "pluginId": "cordova-plugin-contacts",
      "clobbers": [
        "ContactError"
      ]
    },
    {
      "file": "plugins/cordova-plugin-contacts/www/ContactField.js",
      "id": "cordova-plugin-contacts.ContactField",
      "pluginId": "cordova-plugin-contacts",
      "clobbers": [
        "ContactField"
      ]
    },
    {
      "file": "plugins/cordova-plugin-contacts/www/ContactFindOptions.js",
      "id": "cordova-plugin-contacts.ContactFindOptions",
      "pluginId": "cordova-plugin-contacts",
      "clobbers": [
        "ContactFindOptions"
      ]
    },
    {
      "file": "plugins/cordova-plugin-contacts/www/ContactName.js",
      "id": "cordova-plugin-contacts.ContactName",
      "pluginId": "cordova-plugin-contacts",
      "clobbers": [
        "ContactName"
      ]
    },
    {
      "file": "plugins/cordova-plugin-contacts/www/ContactOrganization.js",
      "id": "cordova-plugin-contacts.ContactOrganization",
      "pluginId": "cordova-plugin-contacts",
      "clobbers": [
        "ContactOrganization"
      ]
    },
    {
      "file": "plugins/cordova-plugin-contacts/www/ContactFieldType.js",
      "id": "cordova-plugin-contacts.ContactFieldType",
      "pluginId": "cordova-plugin-contacts",
      "merges": [
        ""
      ]
    },
    {
      "file": "plugins/cordova-plugin-contacts/src/browser/ContactsProxy.js",
      "id": "cordova-plugin-contacts.ContactsProxy",
      "pluginId": "cordova-plugin-contacts",
      "merges": [
        "navigator.contacts"
      ]
    },
    {
      "file": "plugins/cordova-plugin-device/www/device.js",
      "id": "cordova-plugin-device.device",
      "pluginId": "cordova-plugin-device",
      "clobbers": [
        "device"
      ]
    },
    {
      "file": "plugins/cordova-plugin-device/src/browser/DeviceProxy.js",
      "id": "cordova-plugin-device.DeviceProxy",
      "pluginId": "cordova-plugin-device",
      "runs": true
    },
    {
      "file": "plugins/cordova-plugin-dialogs/www/notification.js",
      "id": "cordova-plugin-dialogs.notification",
      "pluginId": "cordova-plugin-dialogs",
      "merges": [
        "navigator.notification"
      ]
    },
    {
      "file": "plugins/cordova-plugin-dialogs/www/browser/notification.js",
      "id": "cordova-plugin-dialogs.notification_browser",
      "pluginId": "cordova-plugin-dialogs",
      "merges": [
        "navigator.notification"
      ]
    },
    {
      "file": "plugins/cordova-plugin-file/www/DirectoryEntry.js",
      "id": "cordova-plugin-file.DirectoryEntry",
      "pluginId": "cordova-plugin-file",
      "clobbers": [
        "window.DirectoryEntry"
      ]
    },
    {
      "file": "plugins/cordova-plugin-file/www/DirectoryReader.js",
      "id": "cordova-plugin-file.DirectoryReader",
      "pluginId": "cordova-plugin-file",
      "clobbers": [
        "window.DirectoryReader"
      ]
    },
    {
      "file": "plugins/cordova-plugin-file/www/Entry.js",
      "id": "cordova-plugin-file.Entry",
      "pluginId": "cordova-plugin-file",
      "clobbers": [
        "window.Entry"
      ]
    },
    {
      "file": "plugins/cordova-plugin-file/www/File.js",
      "id": "cordova-plugin-file.File",
      "pluginId": "cordova-plugin-file",
      "clobbers": [
        "window.File"
      ]
    },
    {
      "file": "plugins/cordova-plugin-file/www/FileEntry.js",
      "id": "cordova-plugin-file.FileEntry",
      "pluginId": "cordova-plugin-file",
      "clobbers": [
        "window.FileEntry"
      ]
    },
    {
      "file": "plugins/cordova-plugin-file/www/FileError.js",
      "id": "cordova-plugin-file.FileError",
      "pluginId": "cordova-plugin-file",
      "clobbers": [
        "window.FileError"
      ]
    },
    {
      "file": "plugins/cordova-plugin-file/www/FileReader.js",
      "id": "cordova-plugin-file.FileReader",
      "pluginId": "cordova-plugin-file",
      "clobbers": [
        "window.FileReader"
      ]
    },
    {
      "file": "plugins/cordova-plugin-file/www/FileSystem.js",
      "id": "cordova-plugin-file.FileSystem",
      "pluginId": "cordova-plugin-file",
      "clobbers": [
        "window.FileSystem"
      ]
    },
    {
      "file": "plugins/cordova-plugin-file/www/FileUploadOptions.js",
      "id": "cordova-plugin-file.FileUploadOptions",
      "pluginId": "cordova-plugin-file",
      "clobbers": [
        "window.FileUploadOptions"
      ]
    },
    {
      "file": "plugins/cordova-plugin-file/www/FileUploadResult.js",
      "id": "cordova-plugin-file.FileUploadResult",
      "pluginId": "cordova-plugin-file",
      "clobbers": [
        "window.FileUploadResult"
      ]
    },
    {
      "file": "plugins/cordova-plugin-file/www/FileWriter.js",
      "id": "cordova-plugin-file.FileWriter",
      "pluginId": "cordova-plugin-file",
      "clobbers": [
        "window.FileWriter"
      ]
    },
    {
      "file": "plugins/cordova-plugin-file/www/Flags.js",
      "id": "cordova-plugin-file.Flags",
      "pluginId": "cordova-plugin-file",
      "clobbers": [
        "window.Flags"
      ]
    },
    {
      "file": "plugins/cordova-plugin-file/www/LocalFileSystem.js",
      "id": "cordova-plugin-file.LocalFileSystem",
      "pluginId": "cordova-plugin-file",
      "clobbers": [
        "window.LocalFileSystem"
      ],
      "merges": [
        "window"
      ]
    },
    {
      "file": "plugins/cordova-plugin-file/www/Metadata.js",
      "id": "cordova-plugin-file.Metadata",
      "pluginId": "cordova-plugin-file",
      "clobbers": [
        "window.Metadata"
      ]
    },
    {
      "file": "plugins/cordova-plugin-file/www/ProgressEvent.js",
      "id": "cordova-plugin-file.ProgressEvent",
      "pluginId": "cordova-plugin-file",
      "clobbers": [
        "window.ProgressEvent"
      ]
    },
    {
      "file": "plugins/cordova-plugin-file/www/fileSystems.js",
      "id": "cordova-plugin-file.fileSystems",
      "pluginId": "cordova-plugin-file"
    },
    {
      "file": "plugins/cordova-plugin-file/www/requestFileSystem.js",
      "id": "cordova-plugin-file.requestFileSystem",
      "pluginId": "cordova-plugin-file",
      "clobbers": [
        "window.requestFileSystem"
      ]
    },
    {
      "file": "plugins/cordova-plugin-file/www/resolveLocalFileSystemURI.js",
      "id": "cordova-plugin-file.resolveLocalFileSystemURI",
      "pluginId": "cordova-plugin-file",
      "merges": [
        "window"
      ]
    },
    {
      "file": "plugins/cordova-plugin-file/www/browser/isChrome.js",
      "id": "cordova-plugin-file.isChrome",
      "pluginId": "cordova-plugin-file",
      "runs": true
    },
    {
      "file": "plugins/cordova-plugin-file/www/browser/Preparing.js",
      "id": "cordova-plugin-file.Preparing",
      "pluginId": "cordova-plugin-file",
      "runs": true
    },
    {
      "file": "plugins/cordova-plugin-file/src/browser/FileProxy.js",
      "id": "cordova-plugin-file.browserFileProxy",
      "pluginId": "cordova-plugin-file",
      "runs": true
    },
    {
      "file": "plugins/cordova-plugin-file/www/fileSystemPaths.js",
      "id": "cordova-plugin-file.fileSystemPaths",
      "pluginId": "cordova-plugin-file",
      "merges": [
        "cordova"
      ],
      "runs": true
    },
    {
      "file": "plugins/cordova-plugin-file/www/browser/FileSystem.js",
      "id": "cordova-plugin-file.firefoxFileSystem",
      "pluginId": "cordova-plugin-file",
      "merges": [
        "window.FileSystem"
      ]
    },
    {
      "file": "plugins/cordova-plugin-file-transfer/www/FileTransferError.js",
      "id": "cordova-plugin-file-transfer.FileTransferError",
      "pluginId": "cordova-plugin-file-transfer",
      "clobbers": [
        "window.FileTransferError"
      ]
    },
    {
      "file": "plugins/cordova-plugin-file-transfer/www/FileTransfer.js",
      "id": "cordova-plugin-file-transfer.FileTransfer",
      "pluginId": "cordova-plugin-file-transfer",
      "clobbers": [
        "window.FileTransfer"
      ]
    },
    {
      "file": "plugins/cordova-plugin-file-transfer/www/browser/FileTransfer.js",
      "id": "cordova-plugin-file-transfer.BrowserFileTransfer",
      "pluginId": "cordova-plugin-file-transfer",
      "clobbers": [
        "window.FileTransfer"
      ]
    },
    {
      "file": "plugins/cordova-plugin-firebase/www/firebase-browser.js",
      "id": "cordova-plugin-firebase.FirebasePlugin",
      "pluginId": "cordova-plugin-firebase",
      "clobbers": [
        "FirebasePlugin"
      ]
    },
    {
      "file": "plugins/cordova-plugin-inappbrowser/www/inappbrowser.js",
      "id": "cordova-plugin-inappbrowser.inappbrowser",
      "pluginId": "cordova-plugin-inappbrowser",
      "clobbers": [
        "cordova.InAppBrowser.open",
        "window.open"
      ]
    },
    {
      "file": "plugins/cordova-plugin-inappbrowser/src/browser/InAppBrowserProxy.js",
      "id": "cordova-plugin-inappbrowser.InAppBrowserProxy",
      "pluginId": "cordova-plugin-inappbrowser",
      "runs": true
    },
    {
      "file": "plugins/cordova-plugin-network-information/www/network.js",
      "id": "cordova-plugin-network-information.network",
      "pluginId": "cordova-plugin-network-information",
      "clobbers": [
        "navigator.connection",
        "navigator.network.connection"
      ]
    },
    {
      "file": "plugins/cordova-plugin-network-information/www/Connection.js",
      "id": "cordova-plugin-network-information.Connection",
      "pluginId": "cordova-plugin-network-information",
      "clobbers": [
        "Connection"
      ]
    },
    {
      "file": "plugins/cordova-plugin-network-information/src/browser/network.js",
      "id": "cordova-plugin-network-information.NetworkInfoProxy",
      "pluginId": "cordova-plugin-network-information",
      "runs": true
    },
    {
      "file": "plugins/cordova-plugin-statusbar/www/statusbar.js",
      "id": "cordova-plugin-statusbar.statusbar",
      "pluginId": "cordova-plugin-statusbar",
      "clobbers": [
        "window.StatusBar"
      ]
    },
    {
      "file": "plugins/cordova-plugin-statusbar/src/browser/StatusBarProxy.js",
      "id": "cordova-plugin-statusbar.StatusBarProxy",
      "pluginId": "cordova-plugin-statusbar",
      "runs": true
    }
  ],
  "plugin_metadata": {
    "cordova-plugin-camera": "4.0.3",
    "cordova-plugin-contacts": "3.0.1",
    "cordova-plugin-device": "2.0.2",
    "cordova-plugin-dialogs": "2.0.1",
    "cordova-plugin-file": "6.0.1",
    "cordova-plugin-file-transfer": "1.7.1",
    "cordova-plugin-firebase": "2.0.5",
    "cordova-plugin-geolocation": "4.0.1",
    "cordova-plugin-inappbrowser": "2.0.2",
    "cordova-plugin-network-information": "2.0.1",
    "cordova-plugin-statusbar": "2.4.2",
    "cordova-plugin-whitelist": "1.3.3"
  }
}
